PO_ID,Order_Date,Vendor_Name,Component_Name,Order_Qty,Unit_Cost_INR,Total_Value_INR,Promised_Date,Delivery_Date,Lead_Time_Days,Delivery_Status,Defect_Qty,Defect_Rate_Pct
PO0001,2026-03-02,Ktron,ADS1120,647,473.13,306115.11,2026-03-13,2026-03-20,18,Delayed,14,2.16
PO0002,2025-10-11,LCSC,STM8S003F3P6,663,128.67,85308.21,2025-10-16,2025-10-21,10,Delayed,11,1.66
PO0003,2026-01-20,Element14,LM358 Op-Amp,3965,325.39,1290171.35,2026-02-17,2026-02-25,36,Delayed,44,1.11
PO0004,2025-05-11,Element14,USB Type-C Connector,1224,159.54,195276.96,2025-06-09,2025-06-14,34,Delayed,16,1.31
PO0005,2026-01-04,Ktron,Quectel MC60,3096,314.07,972360.72,2026-01-20,2026-01-20,16,On Time,42,1.36
PO0006,2025-10-11,LCSC,STM8S105K6T6C,4958,232.95,1154966.1,2025-11-09,2025-11-11,31,Delayed,128,2.58
PO0007,2025-08-24,Robu,IRF540N MOSFET,176,460.03,80965.28,2025-09-03,2025-09-01,8,On Time,3,1.7
PO0008,2025-09-07,LCSC,Resistor 10k 0603,4116,141.5,582414.0,2025-09-25,2025-09-24,17,On Time,61,1.48
PO0009,2025-12-16,Evelta,IRF540N MOSFET,986,199.4,196608.4,2026-01-01,2026-01-09,24,Delayed,19,1.93
PO0010,2025-11-08,Mouser India,Resistor 10k 0603,177,74.0,13098.0,2025-11-12,2025-11-13,5,Delayed,5,2.82
PO0011,2025-11-05,Local Vendor,STM8S105K6T6C,2052,482.75,990603.0,2025-12-07,2025-12-07,32,On Time,18,0.88
PO0012,2026-03-25,Evelta,ESP32-WROOM-32,4568,235.9,1077591.2,2026-04-22,2026-04-26,32,Delayed,53,1.16
PO0013,2026-03-26,Robu,LM358 Op-Amp,74,198.27,14671.98,2026-04-03,2026-04-04,9,Delayed,1,1.35
PO0014,2025-08-16,DigiKey,Quectel MC60,2551,157.14,400864.14,2025-09-01,2025-08-30,14,On Time,31,1.22
PO0015,2025-11-29,Evelta,IRF540N MOSFET,2254,252.39,568887.06,2025-12-13,2025-12-21,22,Delayed,60,2.66
PO0016,2025-04-16,Evelta,STM8S105K6T6C,3829,97.4,372944.6,2025-04-24,2025-04-22,6,On Time,26,0.68
PO0017,2025-04-30,Evelta,STM8S003F3P6,2470,122.06,301488.2,2025-06-04,2025-06-06,37,Delayed,63,2.55
PO0018,2026-01-23,Element14,SIM800 GSM Module,1458,60.73,88544.34,2026-02-25,2026-03-04,40,Delayed,22,1.51
PO0019,2026-03-17,Mouser India,Capacitor 10uF,82,439.78,36061.96,2026-03-30,2026-04-04,18,Delayed,1,1.22
PO0020,2025-04-18,Element14,Resistor 10k 0603,432,372.74,161023.68,2025-05-03,2025-05-03,15,On Time,1,0.23
PO0021,2025-05-11,Element14,RJ45 Connector,1048,20.75,21746.0,2025-06-03,2025-06-08,28,Delayed,2,0.19
PO0022,2026-03-01,Ktron,STM8S105K6T6C,2298,389.9,895990.2,2026-03-08,2026-03-15,14,Delayed,19,0.83
PO0023,2026-03-05,Evelta,ADS1120,1145,249.89,286124.05,2026-03-09,2026-03-13,8,Delayed,21,1.83
PO0024,2025-09-15,Mouser India,IRF540N MOSFET,160,37.19,5950.4,2025-10-15,2025-10-14,29,On Time,0,0.0
PO0025,2025-12-09,DigiKey,ADS1120,455,132.66,60360.3,2025-12-30,2025-12-30,21,On Time,5,1.1
PO0026,2026-01-20,Element14,IRF540N MOSFET,2177,22.64,49287.28,2026-01-23,2026-01-28,8,Delayed,35,1.61
PO0027,2025-10-02,DigiKey,USB Type-C Connector,4237,84.35,357390.95,2025-11-05,2025-11-13,42,Delayed,28,0.66
PO0028,2025-04-27,LCSC,Quectel MC60,2092,137.3,287231.6,2025-05-20,2025-05-27,30,Delayed,17,0.81
PO0029,2025-07-21,Ktron,STM8S003F3P6,2991,488.08,1459847.28,2025-08-12,2025-08-12,22,On Time,69,2.31
PO0030,2026-02-07,Element14,Resistor 10k 0603,4468,321.98,1438606.64,2026-03-04,2026-03-12,33,Delayed,63,1.41
PO0031,2025-07-17,Robu,Quectel MC60,4120,413.45,1703414.0,2025-08-12,2025-08-14,28,Delayed,122,2.96
PO0032,2025-11-18,Evelta,Capacitor 10uF,955,175.34,167449.7,2025-12-14,2025-12-19,31,Delayed,23,2.41
PO0033,2025-09-08,DigiKey,ADS1120,2354,40.87,96207.98,2025-10-07,2025-10-06,28,On Time,60,2.55
PO0034,2025-07-11,Evelta,STM8S003F3P6,4430,36.97,163777.1,2025-08-01,2025-08-07,27,Delayed,91,2.05
PO0035,2025-10-04,Local Vendor,ADS1120,2021,398.4,805166.4,2025-10-08,2025-10-13,9,Delayed,58,2.87
PO0036,2026-03-23,Robu,Resistor 10k 0603,4831,41.35,199761.85,2026-04-04,2026-04-05,13,Delayed,142,2.94
PO0037,2025-07-21,DigiKey,IRF540N MOSFET,982,463.57,455225.74,2025-08-09,2025-08-16,26,Delayed,2,0.2
PO0038,2025-07-01,LCSC,ESP32-WROOM-32,4640,430.86,1999190.4,2025-07-19,2025-07-22,21,Delayed,113,2.44
PO0039,2025-09-16,DigiKey,Quectel MC60,1276,324.95,414636.2,2025-10-19,2025-10-21,35,Delayed,22,1.72
PO0040,2026-03-14,Evelta,USB Type-C Connector,2858,443.52,1267580.16,2026-04-06,2026-04-09,26,Delayed,59,2.06
PO0041,2025-06-06,Local Vendor,ESP32-WROOM-32,4282,536.72,2298235.04,2025-06-27,2025-07-05,29,Delayed,51,1.19
PO0042,2025-07-07,Element14,USB Type-C Connector,3694,537.42,1985229.48,2025-07-18,2025-07-16,9,On Time,100,2.71
PO0043,2026-02-26,Local Vendor,Resistor 10k 0603,2207,319.22,704518.54,2026-03-08,2026-03-12,14,Delayed,11,0.5
PO0044,2025-09-10,Local Vendor,Resistor 10k 0603,4947,193.01,954820.47,2025-10-08,2025-10-13,33,Delayed,73,1.48
PO0045,2025-09-13,Evelta,STM8S105K6T6C,2018,200.1,403801.8,2025-09-25,2025-09-30,17,Delayed,45,2.23
PO0046,2025-05-20,Element14,USB Type-C Connector,4692,368.63,1729611.96,2025-06-22,2025-06-21,32,On Time,19,0.4
PO0047,2025-12-31,DigiKey,Capacitor 10uF,1898,11.55,21921.9,2026-01-09,2026-01-17,17,Delayed,48,2.53
PO0048,2025-11-08,Mouser India,RJ45 Connector,2278,373.92,851789.76,2025-12-07,2025-12-12,34,Delayed,4,0.18
PO0049,2025-11-08,LCSC,ESP32-WROOM-32,953,355.37,338667.61,2025-12-09,2025-12-09,31,On Time,9,0.94
PO0050,2025-10-16,DigiKey,LM358 Op-Amp,2639,466.93,1232228.27,2025-11-04,2025-11-02,17,On Time,3,0.11
PO0051,2025-07-06,Evelta,IRF540N MOSFET,3084,108.64,335045.76,2025-08-03,2025-08-01,26,On Time,52,1.69
PO0052,2025-08-01,LCSC,USB Type-C Connector,980,346.61,339677.8,2025-09-05,2025-09-03,33,On Time,29,2.96
PO0053,2025-07-17,Robu,SIM800 GSM Module,3504,427.19,1496873.76,2025-07-24,2025-07-28,11,Delayed,46,1.31
PO0054,2025-06-26,DigiKey,ESP32-WROOM-32,3435,23.82,81821.7,2025-07-02,2025-07-06,10,Delayed,1,0.03
PO0055,2026-01-24,Element14,STM8S105K6T6C,1680,530.85,891828.0,2026-02-24,2026-02-26,33,Delayed,34,2.02
PO0056,2025-07-26,Robu,RJ45 Connector,3403,431.12,1467101.36,2025-08-09,2025-08-14,19,Delayed,43,1.26
PO0057,2025-06-17,Ktron,IRF540N MOSFET,1297,191.45,248310.65,2025-06-30,2025-06-30,13,On Time,38,2.93
PO0058,2025-04-11,Element14,SIM800 GSM Module,92,242.39,22299.88,2025-04-23,2025-04-25,14,Delayed,0,0.0
PO0059,2025-10-05,Evelta,Capacitor 10uF,4338,4.06,17612.28,2025-10-25,2025-10-26,21,Delayed,43,0.99
PO0060,2025-07-27,DigiKey,IRF540N MOSFET,1422,507.48,721636.56,2025-08-19,2025-08-24,28,Delayed,12,0.84
PO0061,2025-07-09,DigiKey,ESP32-WROOM-32,1238,485.93,601581.34,2025-08-03,2025-08-04,26,Delayed,20,1.62
PO0062,2025-07-23,Local Vendor,LM358 Op-Amp,3847,252.77,972406.19,2025-07-29,2025-07-29,6,On Time,85,2.21
PO0063,2025-07-14,Robu,ESP32-WROOM-32,1973,517.31,1020652.63,2025-08-10,2025-08-15,32,Delayed,15,0.76
PO0064,2025-04-03,Mouser India,USB Type-C Connector,541,476.97,258040.77,2025-05-07,2025-05-10,37,Delayed,5,0.92
PO0065,2026-02-23,Evelta,ESP32-WROOM-32,4859,15.36,74634.24,2026-03-12,2026-03-12,17,On Time,128,2.63
PO0066,2026-03-18,Evelta,LM358 Op-Amp,1683,478.14,804709.62,2026-04-02,2026-04-02,15,On Time,44,2.61
PO0067,2026-03-27,Evelta,SIM800 GSM Module,986,86.91,85693.26,2026-04-28,2026-05-02,36,Delayed,21,2.13
PO0068,2025-09-16,Mouser India,USB Type-C Connector,3383,181.99,615672.17,2025-10-19,2025-10-27,41,Delayed,55,1.63
PO0069,2025-04-04,LCSC,STM8S003F3P6,1900,313.84,596296.0,2025-04-22,2025-04-23,19,Delayed,43,2.26
PO0070,2025-10-11,Evelta,ADS1120,4129,517.18,2135436.22,2025-11-02,2025-11-02,22,On Time,58,1.4
PO0071,2025-11-08,Robu,LM358 Op-Amp,983,504.93,496346.19,2025-11-23,2025-11-30,22,Delayed,16,1.63
PO0072,2026-03-16,Element14,Capacitor 10uF,1588,83.29,132264.52,2026-04-19,2026-04-25,40,Delayed,1,0.06
PO0073,2025-12-29,Ktron,Resistor 10k 0603,3261,58.77,191648.97,2026-01-07,2026-01-08,10,Delayed,94,2.88
PO0074,2025-05-25,Local Vendor,Resistor 10k 0603,3120,358.09,1117240.8,2025-06-28,2025-07-04,40,Delayed,59,1.89
PO0075,2025-05-19,Evelta,STM8S003F3P6,2073,162.23,336302.79,2025-06-09,2025-06-11,23,Delayed,60,2.89
PO0076,2025-05-12,Local Vendor,Capacitor 10uF,2258,351.13,792851.54,2025-06-11,2025-06-10,29,On Time,18,0.8
PO0077,2025-12-13,Mouser India,Resistor 10k 0603,1138,164.03,186666.14,2026-01-11,2026-01-10,28,On Time,10,0.88
PO0078,2026-01-05,Evelta,ESP32-WROOM-32,4575,143.12,654774.0,2026-01-24,2026-01-27,22,Delayed,133,2.91
PO0079,2025-12-31,Ktron,RJ45 Connector,4408,158.24,697521.92,2026-01-08,2026-01-13,13,Delayed,22,0.5
PO0080,2025-11-10,Element14,LM358 Op-Amp,4203,199.0,836397.0,2025-11-18,2025-11-23,13,Delayed,56,1.33
PO0081,2025-07-17,Local Vendor,ADS1120,3924,324.35,1272749.4,2025-07-25,2025-07-24,7,On Time,114,2.91
PO0082,2025-08-02,DigiKey,STM8S003F3P6,1461,444.66,649648.26,2025-08-20,2025-08-20,18,On Time,9,0.62
PO0083,2026-03-13,Robu,USB Type-C Connector,2848,372.78,1061677.44,2026-03-19,2026-03-17,4,On Time,54,1.9
PO0084,2025-12-12,Mouser India,Resistor 10k 0603,2862,54.27,155320.74,2025-12-18,2025-12-19,7,Delayed,55,1.92
PO0085,2026-02-13,Evelta,ADS1120,448,360.06,161306.88,2026-02-21,2026-02-21,8,On Time,4,0.89
PO0086,2025-06-16,Element14,RJ45 Connector,3464,55.75,193118.0,2025-06-21,2025-06-26,10,Delayed,61,1.76
PO0087,2026-02-01,Evelta,SIM800 GSM Module,2908,149.1,433582.8,2026-02-10,2026-02-16,15,Delayed,55,1.89
PO0088,2026-03-19,LCSC,LM358 Op-Amp,3856,60.54,233442.24,2026-04-22,2026-04-22,34,On Time,7,0.18
PO0089,2025-07-25,Ktron,ESP32-WROOM-32,877,282.97,248164.69,2025-08-29,2025-08-28,34,On Time,8,0.91
PO0090,2025-04-24,DigiKey,Capacitor 10uF,2952,193.68,571743.36,2025-05-06,2025-05-06,12,On Time,13,0.44
PO0091,2025-12-02,Mouser India,Resistor 10k 0603,2321,506.98,1176700.58,2025-12-30,2025-12-31,29,Delayed,8,0.34
PO0092,2025-04-22,LCSC,Quectel MC60,1041,407.67,424384.47,2025-05-14,2025-05-13,21,On Time,8,0.77
PO0093,2025-07-23,Robu,ADS1120,3739,197.67,739088.13,2025-08-13,2025-08-14,22,Delayed,68,1.82
PO0094,2025-07-22,Local Vendor,SIM800 GSM Module,4339,235.35,1021183.65,2025-08-07,2025-08-08,17,Delayed,92,2.12
PO0095,2025-10-25,Ktron,LM358 Op-Amp,3312,286.54,949020.48,2025-11-15,2025-11-17,23,Delayed,29,0.88
PO0096,2025-12-29,Local Vendor,Quectel MC60,1057,350.64,370626.48,2026-01-30,2026-02-05,38,Delayed,25,2.37
PO0097,2026-01-13,Local Vendor,STM8S105K6T6C,4798,40.53,194462.94,2026-01-22,2026-01-24,11,Delayed,68,1.42
PO0098,2025-08-14,LCSC,LM358 Op-Amp,4212,428.88,1806442.56,2025-08-30,2025-09-05,22,Delayed,21,0.5
PO0099,2025-04-21,Local Vendor,STM8S003F3P6,353,224.16,79128.48,2025-05-11,2025-05-16,25,Delayed,8,2.27
PO0100,2025-06-10,Local Vendor,STM8S003F3P6,1634,332.47,543255.98,2025-07-06,2025-07-06,26,On Time,6,0.37
PO0101,2025-06-15,DigiKey,Resistor 10k 0603,3849,274.98,1058398.02,2025-06-30,2025-07-08,23,Delayed,89,2.31
PO0102,2025-11-22,Mouser India,USB Type-C Connector,4093,375.65,1537535.45,2025-12-22,2025-12-26,34,Delayed,76,1.86
PO0103,2025-11-16,DigiKey,USB Type-C Connector,4198,387.29,1625843.42,2025-12-18,2025-12-17,31,On Time,59,1.41
PO0104,2025-11-28,Mouser India,STM8S105K6T6C,3646,135.53,494142.38,2025-12-18,2025-12-22,24,Delayed,8,0.22
PO0105,2025-10-10,LCSC,LM358 Op-Amp,446,184.42,82251.32,2025-11-07,2025-11-13,34,Delayed,0,0.0
PO0106,2026-02-25,Mouser India,USB Type-C Connector,2405,35.79,86074.95,2026-03-19,2026-03-19,22,On Time,67,2.79
PO0107,2025-08-22,Local Vendor,USB Type-C Connector,4046,330.82,1338497.72,2025-08-27,2025-08-25,3,On Time,29,0.72
PO0108,2026-03-19,LCSC,Quectel MC60,2130,162.62,346380.6,2026-03-27,2026-04-03,15,Delayed,18,0.85
PO0109,2025-10-29,Element14,Quectel MC60,1123,357.14,401068.22,2025-11-27,2025-11-29,31,Delayed,24,2.14
PO0110,2025-08-10,Evelta,SIM800 GSM Module,1606,78.78,126520.68,2025-08-25,2025-08-24,14,On Time,42,2.62
PO0111,2025-08-07,Robu,LM358 Op-Amp,2869,547.53,1570863.57,2025-08-25,2025-09-02,26,Delayed,69,2.41
PO0112,2025-05-27,Robu,SIM800 GSM Module,3904,419.4,1637337.6,2025-06-11,2025-06-14,18,Delayed,52,1.33
PO0113,2025-06-06,Ktron,LM358 Op-Amp,3844,248.61,955656.84,2025-07-03,2025-07-11,35,Delayed,25,0.65
PO0114,2026-03-22,Evelta,RJ45 Connector,4394,381.02,1674201.88,2026-04-15,2026-04-22,31,Delayed,49,1.12
PO0115,2025-10-17,Local Vendor,LM358 Op-Amp,2506,192.44,482254.64,2025-10-22,2025-10-25,8,Delayed,47,1.88
PO0116,2025-05-14,Local Vendor,ADS1120,925,494.71,457606.75,2025-06-07,2025-06-12,29,Delayed,22,2.38
PO0117,2026-02-03,Local Vendor,SIM800 GSM Module,1514,95.47,144541.58,2026-02-21,2026-02-24,21,Delayed,39,2.58
PO0118,2025-11-21,DigiKey,LM358 Op-Amp,185,374.61,69302.85,2025-12-15,2025-12-18,27,Delayed,2,1.08
PO0119,2025-09-07,Ktron,Resistor 10k 0603,3971,150.26,596682.46,2025-10-08,2025-10-14,37,Delayed,22,0.55
PO0120,2025-08-26,DigiKey,ADS1120,2828,59.76,169001.28,2025-09-30,2025-10-01,36,Delayed,13,0.46
PO0121,2025-07-05,DigiKey,STM8S003F3P6,1541,492.51,758957.91,2025-07-09,2025-07-15,10,Delayed,25,1.62
PO0122,2025-12-12,Robu,RJ45 Connector,2395,437.03,1046686.85,2026-01-12,2026-01-12,31,On Time,51,2.13
PO0123,2026-02-15,LCSC,Quectel MC60,1946,500.17,973330.82,2026-03-06,2026-03-06,19,On Time,12,0.62
PO0124,2025-07-19,Ktron,STM8S105K6T6C,2708,19.19,51966.52,2025-08-23,2025-08-25,37,Delayed,75,2.77
PO0125,2025-04-25,Robu,USB Type-C Connector,2274,545.4,1240239.6,2025-05-03,2025-05-09,14,Delayed,14,0.62
PO0126,2026-02-24,Ktron,Capacitor 10uF,3765,274.69,1034207.85,2026-03-05,2026-03-05,9,On Time,45,1.2
PO0127,2026-03-30,Ktron,Resistor 10k 0603,2099,228.2,478991.8,2026-04-17,2026-04-23,24,Delayed,51,2.43
PO0128,2026-01-12,LCSC,Resistor 10k 0603,127,418.59,53160.93,2026-01-18,2026-01-24,12,Delayed,1,0.79
PO0129,2025-09-15,Element14,RJ45 Connector,4404,65.48,288373.92,2025-09-21,2025-09-23,8,Delayed,107,2.43
PO0130,2026-02-11,Ktron,Resistor 10k 0603,4463,334.17,1491400.71,2026-02-16,2026-02-19,8,Delayed,40,0.9
PO0131,2025-09-04,DigiKey,USB Type-C Connector,2871,182.43,523756.53,2025-09-09,2025-09-17,13,Delayed,5,0.17
PO0132,2025-12-15,Robu,Resistor 10k 0603,662,390.95,258808.9,2026-01-19,2026-01-25,41,Delayed,6,0.91
PO0133,2026-02-13,Element14,IRF540N MOSFET,2403,283.29,680745.87,2026-02-19,2026-02-21,8,Delayed,22,0.92
PO0134,2025-05-01,Element14,STM8S003F3P6,1293,87.88,113628.84,2025-05-07,2025-05-10,9,Delayed,14,1.08
PO0135,2026-03-25,Element14,RJ45 Connector,1689,102.2,172615.8,2026-04-28,2026-04-30,36,Delayed,4,0.24
PO0136,2026-02-11,Robu,LM358 Op-Amp,4955,135.68,672294.4,2026-02-14,2026-02-14,3,On Time,77,1.55
PO0137,2026-01-19,Mouser India,SIM800 GSM Module,3632,69.54,252569.28,2026-01-26,2026-01-29,10,Delayed,43,1.18
PO0138,2025-04-03,Mouser India,Capacitor 10uF,1294,191.08,247257.52,2025-04-16,2025-04-20,17,Delayed,36,2.78
PO0139,2025-05-21,Ktron,USB Type-C Connector,2312,247.44,572081.28,2025-05-30,2025-06-05,15,Delayed,48,2.08
PO0140,2025-06-22,Element14,ESP32-WROOM-32,140,262.75,36785.0,2025-07-07,2025-07-15,23,Delayed,2,1.43
PO0141,2025-12-02,Mouser India,STM8S105K6T6C,4764,198.47,945511.08,2025-12-28,2026-01-05,34,Delayed,61,1.28
PO0142,2026-02-24,Element14,IRF540N MOSFET,4684,246.99,1156901.16,2026-03-17,2026-03-20,24,Delayed,96,2.05
PO0143,2025-10-09,Robu,USB Type-C Connector,3328,266.87,888143.36,2025-10-30,2025-10-29,20,On Time,0,0.0
PO0144,2025-10-27,Ktron,SIM800 GSM Module,4572,434.44,1986259.68,2025-11-14,2025-11-21,25,Delayed,124,2.71
PO0145,2025-12-06,Evelta,SIM800 GSM Module,3252,193.23,628383.96,2026-01-02,2026-01-03,28,Delayed,18,0.55
PO0146,2026-02-18,Robu,STM8S105K6T6C,2115,27.45,58056.75,2026-02-27,2026-02-28,10,Delayed,40,1.89
PO0147,2025-07-17,Local Vendor,USB Type-C Connector,2187,260.69,570129.03,2025-08-17,2025-08-21,35,Delayed,0,0.0
PO0148,2026-02-03,Mouser India,RJ45 Connector,1364,35.9,48967.6,2026-03-10,2026-03-10,35,On Time,39,2.86
PO0149,2025-08-07,Ktron,SIM800 GSM Module,1812,360.38,653008.56,2025-08-10,2025-08-17,10,Delayed,35,1.93
PO0150,2025-04-24,LCSC,SIM800 GSM Module,3669,462.52,1696985.88,2025-05-29,2025-05-31,37,Delayed,13,0.35
PO0151,2025-10-20,Mouser India,IRF540N MOSFET,3436,47.5,163210.0,2025-11-03,2025-11-10,21,Delayed,11,0.32
PO0152,2025-12-22,Element14,Capacitor 10uF,4159,312.57,1299978.63,2026-01-02,2026-01-04,13,Delayed,48,1.15
PO0153,2025-07-27,Local Vendor,Resistor 10k 0603,628,544.46,341920.88,2025-08-03,2025-08-09,13,Delayed,0,0.0
PO0154,2025-09-19,Ktron,ESP32-WROOM-32,4459,491.93,2193515.87,2025-10-14,2025-10-19,30,Delayed,71,1.59
PO0155,2026-01-29,Ktron,SIM800 GSM Module,512,289.13,148034.56,2026-02-27,2026-02-26,28,On Time,5,0.98
PO0156,2026-02-28,Mouser India,Capacitor 10uF,2903,549.55,1595343.65,2026-03-22,2026-03-26,26,Delayed,5,0.17
PO0157,2025-06-08,Ktron,ESP32-WROOM-32,3198,487.5,1559025.0,2025-07-12,2025-07-15,37,Delayed,39,1.22
PO0158,2025-12-17,Robu,RJ45 Connector,1200,207.1,248520.0,2025-12-30,2026-01-05,19,Delayed,10,0.83
PO0159,2025-08-12,DigiKey,IRF540N MOSFET,2438,537.05,1309327.9,2025-09-09,2025-09-09,28,On Time,35,1.44
PO0160,2025-07-07,DigiKey,ESP32-WROOM-32,1256,327.61,411478.16,2025-08-06,2025-08-13,37,Delayed,18,1.43
PO0161,2025-11-06,Mouser India,Resistor 10k 0603,1741,548.61,955130.01,2025-11-10,2025-11-08,2,On Time,49,2.81
PO0162,2025-09-24,Element14,ESP32-WROOM-32,4705,485.38,2283712.9,2025-10-23,2025-10-23,29,On Time,80,1.7
PO0163,2025-08-09,LCSC,ADS1120,1870,10.5,19635.0,2025-08-30,2025-09-05,27,Delayed,31,1.66
PO0164,2025-12-08,Element14,USB Type-C Connector,813,330.25,268493.25,2026-01-02,2026-01-07,30,Delayed,16,1.97
PO0165,2025-07-16,Evelta,LM358 Op-Amp,4897,415.92,2036760.24,2025-07-22,2025-07-21,5,On Time,85,1.74
PO0166,2025-06-21,Local Vendor,SIM800 GSM Module,4701,264.13,1241675.13,2025-07-10,2025-07-12,21,Delayed,65,1.38
PO0167,2025-04-17,Mouser India,USB Type-C Connector,2091,207.7,434300.7,2025-05-03,2025-05-04,17,Delayed,33,1.58
PO0168,2025-12-02,Mouser India,IRF540N MOSFET,1718,262.26,450562.68,2025-12-28,2025-12-27,25,On Time,22,1.28
PO0169,2026-03-22,Robu,SIM800 GSM Module,2282,228.04,520387.28,2026-04-13,2026-04-18,27,Delayed,63,2.76
PO0170,2025-04-22,Ktron,STM8S003F3P6,1689,468.36,791060.04,2025-05-07,2025-05-13,21,Delayed,46,2.72
PO0171,2025-04-29,LCSC,SIM800 GSM Module,67,467.63,31331.21,2025-05-03,2025-05-07,8,Delayed,0,0.0
PO0172,2026-03-13,Local Vendor,STM8S105K6T6C,2225,549.61,1222882.25,2026-04-16,2026-04-23,41,Delayed,23,1.03
PO0173,2025-05-24,Evelta,SIM800 GSM Module,4277,490.01,2095772.77,2025-06-01,2025-06-03,10,Delayed,25,0.58
PO0174,2025-12-19,Evelta,IRF540N MOSFET,784,131.22,102876.48,2026-01-16,2026-01-21,33,Delayed,7,0.89
PO0175,2025-10-08,DigiKey,SIM800 GSM Module,3904,286.74,1119432.96,2025-10-27,2025-10-30,22,Delayed,89,2.28
PO0176,2026-01-04,Local Vendor,IRF540N MOSFET,4948,468.13,2316307.24,2026-01-23,2026-01-22,18,On Time,53,1.07
PO0177,2026-02-06,Local Vendor,ADS1120,3389,177.2,600530.8,2026-03-08,2026-03-07,29,On Time,40,1.18
PO0178,2025-12-17,Robu,LM358 Op-Amp,2890,144.86,418645.4,2026-01-13,2026-01-19,33,Delayed,75,2.6
PO0179,2026-03-15,LCSC,ESP32-WROOM-32,2574,334.5,861003.0,2026-03-23,2026-03-31,16,Delayed,70,2.72
PO0180,2025-04-18,Evelta,STM8S003F3P6,3545,346.59,1228661.55,2025-05-21,2025-05-27,39,Delayed,60,1.69
PO0181,2025-08-05,Robu,Resistor 10k 0603,2952,441.09,1302097.68,2025-08-26,2025-08-30,25,Delayed,13,0.44
PO0182,2025-12-21,Robu,ESP32-WROOM-32,1881,234.51,441113.31,2026-01-10,2026-01-16,26,Delayed,33,1.75
PO0183,2025-05-21,Mouser India,Capacitor 10uF,1608,537.58,864428.64,2025-05-27,2025-06-04,14,Delayed,40,2.49
PO0184,2025-10-21,Local Vendor,USB Type-C Connector,4572,164.53,752231.16,2025-10-31,2025-10-29,8,On Time,93,2.03
PO0185,2025-10-03,Robu,STM8S105K6T6C,1554,418.47,650302.38,2025-10-11,2025-10-13,10,Delayed,35,2.25
PO0186,2025-11-10,Mouser India,Quectel MC60,4560,436.17,1988935.2,2025-11-18,2025-11-18,8,On Time,86,1.89
PO0187,2025-09-01,Evelta,LM358 Op-Amp,3802,251.36,955670.72,2025-09-23,2025-09-24,23,Delayed,84,2.21
PO0188,2026-01-22,Element14,Capacitor 10uF,976,152.74,149074.24,2026-02-26,2026-02-24,33,On Time,5,0.51
PO0189,2025-06-02,Evelta,Capacitor 10uF,1153,133.12,153487.36,2025-06-10,2025-06-11,9,Delayed,31,2.69
PO0190,2025-05-30,Mouser India,ADS1120,4175,113.7,474697.5,2025-06-20,2025-06-21,22,Delayed,115,2.75
PO0191,2025-04-04,Local Vendor,Resistor 10k 0603,1094,313.99,343505.06,2025-04-09,2025-04-15,11,Delayed,26,2.38
PO0192,2025-09-08,Local Vendor,Resistor 10k 0603,713,241.34,172075.42,2025-09-17,2025-09-19,11,Delayed,10,1.4
PO0193,2025-05-27,Ktron,Capacitor 10uF,3322,223.13,741237.86,2025-05-30,2025-05-30,3,On Time,88,2.65
PO0194,2025-10-25,Ktron,Capacitor 10uF,2061,156.54,322628.94,2025-11-21,2025-11-22,28,Delayed,52,2.52
PO0195,2025-08-17,LCSC,ESP32-WROOM-32,1108,461.37,511197.96,2025-09-14,2025-09-13,27,On Time,5,0.45
PO0196,2025-07-24,Evelta,Capacitor 10uF,3000,446.05,1338150.0,2025-08-20,2025-08-21,28,Delayed,29,0.97
PO0197,2025-12-20,Local Vendor,Resistor 10k 0603,4385,380.08,1666650.8,2025-12-24,2025-12-29,9,Delayed,114,2.6
PO0198,2025-12-27,LCSC,ESP32-WROOM-32,1751,319.24,558989.24,2026-01-07,2026-01-12,16,Delayed,0,0.0
PO0199,2026-01-07,Local Vendor,ESP32-WROOM-32,552,478.82,264308.64,2026-01-23,2026-01-29,22,Delayed,14,2.54
PO0200,2025-11-17,Ktron,RJ45 Connector,1940,282.14,547351.6,2025-12-10,2025-12-17,30,Delayed,51,2.63
PO0201,2025-12-10,Ktron,USB Type-C Connector,729,37.65,27446.85,2026-01-12,2026-01-15,36,Delayed,6,0.82
PO0202,2026-02-20,Local Vendor,ADS1120,200,546.16,109232.0,2026-03-04,2026-03-03,11,On Time,1,0.5
PO0203,2026-02-25,Robu,IRF540N MOSFET,1247,329.84,411310.48,2026-03-04,2026-03-02,5,On Time,16,1.28
PO0204,2025-07-26,DigiKey,USB Type-C Connector,707,162.32,114760.24,2025-07-30,2025-07-29,3,On Time,1,0.14
PO0205,2025-04-12,LCSC,ESP32-WROOM-32,1440,365.24,525945.6,2025-05-08,2025-05-06,24,On Time,7,0.49
PO0206,2025-04-08,DigiKey,LM358 Op-Amp,4108,495.5,2035514.0,2025-05-09,2025-05-12,34,Delayed,10,0.24
PO0207,2025-04-15,Robu,LM358 Op-Amp,3941,498.88,1966086.08,2025-04-25,2025-04-29,14,Delayed,44,1.12
PO0208,2026-02-11,Robu,Capacitor 10uF,4483,532.22,2385942.26,2026-02-25,2026-03-01,18,Delayed,58,1.29
PO0209,2025-10-13,LCSC,ESP32-WROOM-32,991,13.17,13051.47,2025-10-24,2025-10-24,11,On Time,23,2.32
PO0210,2025-05-01,Ktron,Quectel MC60,3901,152.88,596384.88,2025-05-23,2025-05-25,24,Delayed,62,1.59
PO0211,2025-12-23,Robu,USB Type-C Connector,3903,194.92,760772.76,2026-01-21,2026-01-29,37,Delayed,107,2.74
PO0212,2025-09-17,Robu,LM358 Op-Amp,3911,324.93,1270801.23,2025-10-10,2025-10-17,30,Delayed,72,1.84
PO0213,2025-06-11,Mouser India,USB Type-C Connector,645,150.05,96782.25,2025-07-01,2025-07-08,27,Delayed,8,1.24
PO0214,2026-01-04,Ktron,Quectel MC60,793,510.43,404770.99,2026-01-17,2026-01-22,18,Delayed,9,1.13
PO0215,2025-11-09,Robu,ADS1120,963,43.42,41813.46,2025-12-12,2025-12-20,41,Delayed,3,0.31
PO0216,2026-03-29,Ktron,Quectel MC60,2037,503.35,1025323.95,2026-05-01,2026-05-09,41,Delayed,19,0.93
PO0217,2025-10-02,Ktron,IRF540N MOSFET,4150,528.15,2191822.5,2025-10-19,2025-10-26,24,Delayed,29,0.7
PO0218,2025-10-09,Local Vendor,Quectel MC60,4192,111.21,466192.32,2025-10-18,2025-10-19,10,Delayed,109,2.6
PO0219,2025-10-25,Local Vendor,RJ45 Connector,4704,311.49,1465248.96,2025-11-11,2025-11-19,25,Delayed,92,1.96
PO0220,2025-08-20,Local Vendor,ADS1120,1406,350.36,492606.16,2025-09-12,2025-09-14,25,Delayed,2,0.14
PO0221,2025-11-07,Ktron,ESP32-WROOM-32,4046,148.64,601397.44,2025-11-10,2025-11-09,2,On Time,109,2.69
PO0222,2025-09-15,Element14,ADS1120,670,188.81,126502.7,2025-09-25,2025-09-25,10,On Time,16,2.39
PO0223,2025-07-14,Evelta,IRF540N MOSFET,93,445.71,41451.03,2025-08-15,2025-08-20,37,Delayed,0,0.0
PO0224,2026-02-08,Evelta,RJ45 Connector,3824,454.66,1738619.84,2026-03-06,2026-03-10,30,Delayed,8,0.21
PO0225,2025-08-27,Ktron,STM8S003F3P6,2014,230.53,464287.42,2025-09-01,2025-09-03,7,Delayed,57,2.83
PO0226,2025-10-24,LCSC,IRF540N MOSFET,786,280.02,220095.72,2025-11-17,2025-11-19,26,Delayed,15,1.91
PO0227,2025-09-03,Mouser India,Quectel MC60,245,475.12,116404.4,2025-09-25,2025-10-01,28,Delayed,6,2.45
PO0228,2026-03-22,Evelta,STM8S003F3P6,4557,219.26,999167.82,2026-04-01,2026-03-30,8,On Time,74,1.62
PO0229,2026-01-17,LCSC,STM8S105K6T6C,3378,223.73,755759.94,2026-02-15,2026-02-15,29,On Time,50,1.48
PO0230,2025-12-31,Mouser India,ADS1120,4730,62.69,296523.7,2026-02-03,2026-02-09,40,Delayed,126,2.66
PO0231,2025-09-05,DigiKey,ADS1120,4467,337.99,1509801.33,2025-09-10,2025-09-09,4,On Time,16,0.36
PO0232,2026-02-01,Element14,LM358 Op-Amp,2929,294.44,862414.76,2026-03-03,2026-03-04,31,Delayed,11,0.38
PO0233,2025-08-08,Element14,LM358 Op-Amp,1602,494.68,792477.36,2025-08-17,2025-08-20,12,Delayed,14,0.87
PO0234,2025-12-23,Element14,IRF540N MOSFET,68,450.46,30631.28,2026-01-21,2026-01-21,29,On Time,1,1.47
PO0235,2025-11-24,Element14,IRF540N MOSFET,3216,376.07,1209441.12,2025-12-12,2025-12-13,19,Delayed,73,2.27
PO0236,2025-12-26,Element14,SIM800 GSM Module,2444,298.84,730364.96,2026-01-16,2026-01-21,26,Delayed,30,1.23
PO0237,2025-08-29,LCSC,STM8S003F3P6,1441,78.62,113291.42,2025-09-09,2025-09-08,10,On Time,12,0.83
PO0238,2025-11-22,Robu,IRF540N MOSFET,4568,254.1,1160728.8,2025-12-02,2025-12-07,15,Delayed,108,2.36
PO0239,2025-07-02,Element14,Quectel MC60,4001,317.39,1269877.39,2025-07-12,2025-07-13,11,Delayed,62,1.55
PO0240,2025-11-23,Element14,LM358 Op-Amp,1222,53.11,64900.42,2025-12-12,2025-12-19,26,Delayed,11,0.9
PO0241,2025-12-12,LCSC,Resistor 10k 0603,2419,445.52,1077712.88,2025-12-24,2025-12-23,11,On Time,70,2.89
PO0242,2025-04-19,Evelta,Capacitor 10uF,3346,72.74,243388.04,2025-04-29,2025-04-27,8,On Time,99,2.96
PO0243,2025-07-11,Evelta,SIM800 GSM Module,4201,392.97,1650866.97,2025-08-01,2025-08-05,25,Delayed,96,2.29
PO0244,2025-06-22,Local Vendor,LM358 Op-Amp,3271,434.9,1422557.9,2025-06-25,2025-06-28,6,Delayed,9,0.28
PO0245,2026-02-18,LCSC,ADS1120,2822,514.39,1451608.58,2026-03-05,2026-03-04,14,On Time,29,1.03
PO0246,2025-12-28,DigiKey,ADS1120,3867,24.73,95630.91,2026-01-16,2026-01-20,23,Delayed,20,0.52
PO0247,2025-10-24,LCSC,Quectel MC60,1546,379.49,586691.54,2025-11-02,2025-11-03,10,Delayed,10,0.65
PO0248,2025-08-29,LCSC,Resistor 10k 0603,4894,548.36,2683673.84,2025-10-02,2025-10-03,35,Delayed,55,1.12
PO0249,2025-11-05,Element14,Resistor 10k 0603,887,522.97,463874.39,2025-11-13,2025-11-21,16,Delayed,20,2.25
PO0250,2025-08-20,Element14,USB Type-C Connector,1660,290.21,481748.6,2025-09-20,2025-09-18,29,On Time,35,2.11
PO0251,2026-01-03,Mouser India,Capacitor 10uF,2714,76.8,208435.2,2026-02-01,2026-02-03,31,Delayed,75,2.76
PO0252,2026-01-25,Local Vendor,Quectel MC60,745,332.57,247764.65,2026-02-01,2026-02-01,7,On Time,5,0.67
PO0253,2025-09-01,DigiKey,USB Type-C Connector,2060,476.36,981301.6,2025-10-02,2025-10-06,35,Delayed,34,1.65
PO0254,2025-12-19,Mouser India,RJ45 Connector,3183,180.22,573640.26,2026-01-04,2026-01-04,16,On Time,0,0.0
PO0255,2025-10-08,LCSC,IRF540N MOSFET,4550,399.92,1819636.0,2025-10-29,2025-10-28,20,On Time,132,2.9
PO0256,2025-07-04,LCSC,Resistor 10k 0603,281,172.53,48480.93,2025-08-08,2025-08-16,43,Delayed,3,1.07
PO0257,2025-08-28,DigiKey,STM8S105K6T6C,3332,408.87,1362354.84,2025-09-30,2025-09-29,32,On Time,30,0.9
PO0258,2025-07-06,DigiKey,Resistor 10k 0603,1095,216.04,236563.8,2025-08-01,2025-08-09,34,Delayed,26,2.37
PO0259,2025-10-23,Robu,STM8S105K6T6C,2036,410.53,835839.08,2025-10-31,2025-11-03,11,Delayed,27,1.33
PO0260,2026-01-29,LCSC,LM358 Op-Amp,4704,479.22,2254250.88,2026-02-25,2026-03-03,33,Delayed,42,0.89
PO0261,2025-08-09,Element14,SIM800 GSM Module,1159,195.12,226144.08,2025-08-30,2025-09-05,27,Delayed,13,1.12
PO0262,2025-06-28,DigiKey,ADS1120,2235,545.57,1219348.95,2025-07-10,2025-07-08,10,On Time,50,2.24
PO0263,2025-10-15,Local Vendor,Resistor 10k 0603,1869,282.1,527244.9,2025-11-10,2025-11-08,24,On Time,6,0.32
PO0264,2026-03-11,Local Vendor,ADS1120,544,509.26,277037.44,2026-04-07,2026-04-14,34,Delayed,13,2.39
PO0265,2025-06-21,DigiKey,Resistor 10k 0603,3995,127.89,510920.55,2025-07-23,2025-07-25,34,Delayed,102,2.55
PO0266,2025-11-05,Evelta,STM8S003F3P6,1323,482.89,638863.47,2025-11-09,2025-11-13,8,Delayed,7,0.53
PO0267,2025-10-17,Element14,ESP32-WROOM-32,644,91.09,58661.96,2025-10-28,2025-10-31,14,Delayed,2,0.31
PO0268,2025-04-09,Local Vendor,STM8S003F3P6,457,157.53,71991.21,2025-04-26,2025-04-26,17,On Time,0,0.0
PO0269,2025-06-20,Element14,Quectel MC60,332,27.3,9063.6,2025-07-25,2025-07-23,33,On Time,4,1.2
PO0270,2025-04-15,DigiKey,RJ45 Connector,1864,445.98,831306.72,2025-05-03,2025-05-05,20,Delayed,8,0.43
PO0271,2025-12-04,Local Vendor,IRF540N MOSFET,2113,134.37,283923.81,2026-01-08,2026-01-12,39,Delayed,63,2.98
PO0272,2025-06-19,Mouser India,Quectel MC60,2368,547.29,1295982.72,2025-07-20,2025-07-21,32,Delayed,71,3.0
PO0273,2025-04-03,Local Vendor,LM358 Op-Amp,4390,504.11,2213042.9,2025-04-14,2025-04-15,12,Delayed,100,2.28
PO0274,2025-05-16,Local Vendor,ESP32-WROOM-32,3571,272.71,973847.41,2025-06-03,2025-06-06,21,Delayed,29,0.81
PO0275,2026-02-23,Ktron,ADS1120,3228,547.41,1767039.48,2026-02-26,2026-02-26,3,On Time,71,2.2
PO0276,2025-05-02,DigiKey,Quectel MC60,2685,279.64,750833.4,2025-05-19,2025-05-17,15,On Time,76,2.83
PO0277,2025-11-02,DigiKey,Resistor 10k 0603,697,367.67,256265.99,2025-11-07,2025-11-13,11,Delayed,11,1.58
PO0278,2026-02-01,LCSC,USB Type-C Connector,3435,152.16,522669.6,2026-02-05,2026-02-07,6,Delayed,32,0.93
PO0279,2026-02-24,Robu,ADS1120,3049,290.24,884941.76,2026-03-23,2026-03-21,25,On Time,20,0.66
PO0280,2025-04-15,DigiKey,SIM800 GSM Module,3252,43.5,141462.0,2025-05-19,2025-05-18,33,On Time,91,2.8
PO0281,2025-05-29,Ktron,IRF540N MOSFET,1593,194.39,309663.27,2025-06-10,2025-06-10,12,On Time,41,2.57
PO0282,2025-08-02,Mouser India,USB Type-C Connector,1987,338.26,672122.62,2025-08-16,2025-08-22,20,Delayed,47,2.37
PO0283,2025-04-26,Evelta,ESP32-WROOM-32,137,159.56,21859.72,2025-05-21,2025-05-22,26,Delayed,4,2.92
PO0284,2025-06-07,Robu,ADS1120,1926,359.66,692705.16,2025-06-23,2025-06-23,16,On Time,42,2.18
PO0285,2025-10-11,Element14,Resistor 10k 0603,394,295.93,116596.42,2025-10-29,2025-11-05,25,Delayed,1,0.25
PO0286,2025-04-12,LCSC,STM8S003F3P6,2195,471.72,1035425.4,2025-05-11,2025-05-16,34,Delayed,28,1.28
PO0287,2025-11-28,DigiKey,ADS1120,3047,227.56,693375.32,2025-12-04,2025-12-10,12,Delayed,53,1.74
PO0288,2025-12-22,DigiKey,RJ45 Connector,1323,429.55,568294.65,2026-01-06,2026-01-04,13,On Time,6,0.45
PO0289,2025-12-25,Robu,ESP32-WROOM-32,4721,452.14,2134552.94,2026-01-18,2026-01-21,27,Delayed,43,0.91
PO0290,2025-11-28,Local Vendor,Capacitor 10uF,1443,285.61,412135.23,2025-12-21,2025-12-26,28,Delayed,25,1.73
PO0291,2025-11-04,Robu,Resistor 10k 0603,1929,229.61,442917.69,2025-11-10,2025-11-10,6,On Time,27,1.4
PO0292,2025-08-05,Ktron,Quectel MC60,598,545.06,325945.88,2025-09-04,2025-09-02,28,On Time,5,0.84
PO0293,2026-01-18,LCSC,Quectel MC60,359,74.82,26860.38,2026-02-04,2026-02-10,23,Delayed,4,1.11
PO0294,2025-10-25,Mouser India,Capacitor 10uF,2251,63.74,143478.74,2025-11-18,2025-11-22,28,Delayed,44,1.95
PO0295,2025-10-17,Ktron,IRF540N MOSFET,2476,87.8,217392.8,2025-10-20,2025-10-18,1,On Time,22,0.89
PO0296,2025-10-20,LCSC,USB Type-C Connector,3278,283.93,930722.54,2025-11-19,2025-11-20,31,Delayed,74,2.26
PO0297,2025-08-08,LCSC,USB Type-C Connector,3503,504.22,1766282.66,2025-08-27,2025-09-03,26,Delayed,26,0.74
PO0298,2025-07-03,Element14,Resistor 10k 0603,4972,156.01,775681.72,2025-08-01,2025-08-08,36,Delayed,73,1.47
PO0299,2026-03-07,Robu,ESP32-WROOM-32,739,74.86,55321.54,2026-04-09,2026-04-11,35,Delayed,21,2.84
PO0300,2025-10-08,Local Vendor,Capacitor 10uF,907,221.86,201227.02,2025-11-10,2025-11-08,31,On Time,15,1.65
PO0301,2025-07-14,Robu,Quectel MC60,4021,130.82,526027.22,2025-08-11,2025-08-14,31,Delayed,71,1.77
PO0302,2026-02-26,LCSC,STM8S105K6T6C,3127,60.64,189621.28,2026-03-19,2026-03-19,21,On Time,43,1.38
PO0303,2025-07-27,Element14,Capacitor 10uF,4248,187.29,795607.92,2025-08-06,2025-08-09,13,Delayed,101,2.38
PO0304,2025-12-31,Ktron,IRF540N MOSFET,2786,329.41,917736.26,2026-01-11,2026-01-19,19,Delayed,40,1.44
PO0305,2025-11-17,Mouser India,USB Type-C Connector,4030,200.85,809425.5,2025-12-07,2025-12-14,27,Delayed,20,0.5
PO0306,2025-12-27,Robu,Resistor 10k 0603,610,265.93,162217.3,2026-01-02,2026-01-08,12,Delayed,6,0.98
PO0307,2026-03-29,Mouser India,STM8S003F3P6,2505,210.5,527302.5,2026-04-01,2026-03-31,2,On Time,63,2.51
PO0308,2025-06-10,Mouser India,STM8S105K6T6C,397,511.72,203152.84,2025-06-14,2025-06-14,4,On Time,6,1.51
PO0309,2026-01-08,LCSC,Resistor 10k 0603,2751,104.78,288249.78,2026-02-12,2026-02-13,36,Delayed,47,1.71
PO0310,2025-09-29,Robu,Quectel MC60,879,265.31,233207.49,2025-10-13,2025-10-16,17,Delayed,23,2.62
PO0311,2026-03-16,DigiKey,RJ45 Connector,3304,322.83,1066630.32,2026-03-28,2026-03-29,13,Delayed,39,1.18
PO0312,2025-09-10,LCSC,ESP32-WROOM-32,4578,107.32,491310.96,2025-09-16,2025-09-21,11,Delayed,38,0.83
PO0313,2025-05-28,Ktron,LM358 Op-Amp,2296,379.82,872066.72,2025-06-07,2025-06-13,16,Delayed,9,0.39
PO0314,2025-07-22,Local Vendor,ESP32-WROOM-32,1099,108.62,119373.38,2025-08-03,2025-08-06,15,Delayed,12,1.09
PO0315,2025-08-06,DigiKey,ADS1120,943,403.95,380924.85,2025-08-25,2025-08-31,25,Delayed,24,2.55
PO0316,2025-06-04,Ktron,ADS1120,1304,460.83,600922.32,2025-06-08,2025-06-08,4,On Time,13,1.0
PO0317,2026-03-30,Local Vendor,ESP32-WROOM-32,1764,133.01,234629.64,2026-04-12,2026-04-12,13,On Time,4,0.23
PO0318,2026-01-27,DigiKey,IRF540N MOSFET,146,317.31,46327.26,2026-02-21,2026-02-21,25,On Time,0,0.0
PO0319,2026-02-22,DigiKey,USB Type-C Connector,939,177.1,166296.9,2026-03-17,2026-03-24,30,Delayed,20,2.13
PO0320,2025-04-07,LCSC,STM8S105K6T6C,2632,171.21,450624.72,2025-05-10,2025-05-11,34,Delayed,77,2.93
PO0321,2025-09-05,Mouser India,USB Type-C Connector,2058,316.63,651624.54,2025-10-08,2025-10-15,40,Delayed,58,2.82
PO0322,2025-09-19,Element14,STM8S105K6T6C,234,292.71,68494.14,2025-09-26,2025-10-02,13,Delayed,5,2.14
PO0323,2025-06-02,Ktron,STM8S105K6T6C,2843,465.63,1323786.09,2025-06-05,2025-06-06,4,Delayed,51,1.79
PO0324,2026-02-04,Robu,SIM800 GSM Module,3586,264.72,949285.92,2026-02-18,2026-02-26,22,Delayed,69,1.92
PO0325,2026-03-15,Mouser India,ADS1120,4370,96.3,420831.0,2026-04-06,2026-04-06,22,On Time,75,1.72
PO0326,2025-04-30,Ktron,SIM800 GSM Module,2526,412.24,1041318.24,2025-05-17,2025-05-24,24,Delayed,68,2.69
PO0327,2025-10-15,Element14,STM8S003F3P6,294,454.61,133655.34,2025-11-04,2025-11-12,28,Delayed,6,2.04
PO0328,2025-10-27,Element14,Quectel MC60,552,50.87,28080.24,2025-11-30,2025-12-06,40,Delayed,4,0.72
PO0329,2025-12-28,Ktron,RJ45 Connector,4335,506.98,2197758.3,2026-01-20,2026-01-20,23,On Time,71,1.64
PO0330,2026-01-27,LCSC,RJ45 Connector,2561,313.45,802745.45,2026-01-31,2026-02-08,12,Delayed,42,1.64
PO0331,2025-07-31,DigiKey,USB Type-C Connector,4863,40.19,195443.97,2025-08-03,2025-08-05,5,Delayed,88,1.81
PO0332,2025-12-22,Mouser India,IRF540N MOSFET,3240,109.07,353386.8,2025-12-31,2026-01-08,17,Delayed,24,0.74
PO0333,2026-03-08,Element14,Resistor 10k 0603,3012,509.1,1533409.2,2026-03-15,2026-03-17,9,Delayed,18,0.6
PO0334,2025-12-13,Ktron,Resistor 10k 0603,1092,238.43,260365.56,2026-01-15,2026-01-17,35,Delayed,13,1.19
PO0335,2026-03-23,DigiKey,Quectel MC60,188,31.38,5899.44,2026-04-26,2026-04-27,35,Delayed,2,1.06
PO0336,2025-06-17,Evelta,ESP32-WROOM-32,4933,448.61,2212993.13,2025-07-12,2025-07-14,27,Delayed,132,2.68
PO0337,2025-05-01,DigiKey,ADS1120,2533,326.58,827227.14,2025-05-29,2025-06-02,32,Delayed,19,0.75
PO0338,2026-01-29,Robu,LM358 Op-Amp,1467,81.0,118827.0,2026-02-17,2026-02-16,18,On Time,32,2.18
PO0339,2025-06-20,Mouser India,STM8S105K6T6C,2230,377.5,841825.0,2025-07-15,2025-07-13,23,On Time,26,1.17
PO0340,2025-08-13,Mouser India,ESP32-WROOM-32,4586,108.42,497214.12,2025-09-13,2025-09-20,38,Delayed,62,1.35
PO0341,2025-04-30,Local Vendor,USB Type-C Connector,2669,211.87,565481.03,2025-05-25,2025-05-24,24,On Time,39,1.46
PO0342,2025-11-29,Mouser India,ESP32-WROOM-32,4754,370.32,1760501.28,2025-12-13,2025-12-15,16,Delayed,134,2.82
PO0343,2025-10-20,Element14,Quectel MC60,3052,330.55,1008838.6,2025-11-17,2025-11-24,35,Delayed,2,0.07
PO0344,2026-01-11,Element14,IRF540N MOSFET,3697,52.25,193168.25,2026-01-29,2026-01-28,17,On Time,9,0.24
PO0345,2025-08-31,DigiKey,STM8S105K6T6C,3831,357.68,1370272.08,2025-09-18,2025-09-22,22,Delayed,17,0.44
PO0346,2026-02-18,Element14,LM358 Op-Amp,3872,459.71,1779997.12,2026-02-23,2026-02-22,4,On Time,10,0.26
PO0347,2025-04-23,Mouser India,ADS1120,3024,140.21,423995.04,2025-05-26,2025-05-24,31,On Time,9,0.3
PO0348,2025-10-09,Mouser India,ADS1120,1921,38.16,73305.36,2025-11-02,2025-10-31,22,On Time,54,2.81
PO0349,2025-07-02,Local Vendor,Capacitor 10uF,4167,83.99,349986.33,2025-07-26,2025-07-31,29,Delayed,123,2.95
PO0350,2026-03-03,LCSC,IRF540N MOSFET,348,293.45,102120.6,2026-03-06,2026-03-11,8,Delayed,4,1.15
PO0351,2026-03-21,Evelta,Capacitor 10uF,1548,36.15,55960.2,2026-04-06,2026-04-12,22,Delayed,24,1.55
PO0352,2025-04-07,Robu,STM8S003F3P6,4656,312.8,1456396.8,2025-04-28,2025-04-30,23,Delayed,82,1.76
PO0353,2025-09-18,DigiKey,Resistor 10k 0603,172,424.18,72958.96,2025-09-25,2025-09-23,5,On Time,1,0.58
PO0354,2025-04-08,Local Vendor,ESP32-WROOM-32,4210,274.1,1153961.0,2025-05-10,2025-05-12,34,Delayed,119,2.83
PO0355,2025-10-27,Mouser India,STM8S105K6T6C,113,175.37,19816.81,2025-11-27,2025-11-25,29,On Time,1,0.88
PO0356,2025-11-12,Element14,STM8S105K6T6C,3826,134.45,514405.7,2025-12-17,2025-12-25,43,Delayed,105,2.74
PO0357,2025-05-28,DigiKey,RJ45 Connector,4077,288.64,1176785.28,2025-06-30,2025-06-30,33,On Time,17,0.42
PO0358,2025-11-25,Ktron,SIM800 GSM Module,2894,477.24,1381132.56,2025-12-27,2025-12-29,34,Delayed,67,2.32
PO0359,2026-02-19,Ktron,STM8S105K6T6C,2014,329.06,662726.84,2026-03-22,2026-03-24,33,Delayed,37,1.84
PO0360,2025-11-17,Robu,STM8S105K6T6C,955,191.08,182481.4,2025-12-22,2025-12-30,43,Delayed,3,0.31
PO0361,2026-01-06,LCSC,Quectel MC60,3984,413.31,1646627.04,2026-01-21,2026-01-21,15,On Time,34,0.85
PO0362,2025-09-08,Mouser India,Quectel MC60,1406,504.34,709102.04,2025-10-04,2025-10-04,26,On Time,20,1.42
PO0363,2025-04-02,Local Vendor,USB Type-C Connector,1601,283.55,453963.55,2025-04-16,2025-04-24,22,Delayed,44,2.75
PO0364,2025-10-10,LCSC,SIM800 GSM Module,2048,229.89,470814.72,2025-10-14,2025-10-21,11,Delayed,25,1.22
PO0365,2025-05-24,Evelta,USB Type-C Connector,1739,514.59,894872.01,2025-05-30,2025-06-06,13,Delayed,13,0.75
PO0366,2026-02-06,Ktron,STM8S003F3P6,3150,448.5,1412775.0,2026-02-25,2026-03-05,27,Delayed,29,0.92
PO0367,2026-01-28,DigiKey,Quectel MC60,2460,14.85,36531.0,2026-03-02,2026-03-05,36,Delayed,15,0.61
PO0368,2025-06-21,Evelta,USB Type-C Connector,4325,76.79,332116.75,2025-07-20,2025-07-26,35,Delayed,73,1.69
PO0369,2025-12-05,Local Vendor,SIM800 GSM Module,272,385.86,104953.92,2025-12-17,2025-12-19,14,Delayed,5,1.84
PO0370,2025-06-15,Local Vendor,STM8S003F3P6,2898,265.86,770462.28,2025-07-19,2025-07-27,42,Delayed,38,1.31
PO0371,2025-05-08,Local Vendor,Resistor 10k 0603,2454,65.62,161031.48,2025-06-10,2025-06-10,33,On Time,27,1.1
PO0372,2025-07-08,Local Vendor,Quectel MC60,963,257.91,248367.33,2025-08-04,2025-08-05,28,Delayed,20,2.08
PO0373,2026-01-14,Mouser India,IRF540N MOSFET,1377,295.46,406848.42,2026-01-18,2026-01-19,5,Delayed,5,0.36
PO0374,2025-08-21,Element14,Quectel MC60,3773,340.2,1283574.6,2025-09-21,2025-09-21,31,On Time,13,0.34
PO0375,2025-12-01,Evelta,ADS1120,3122,122.93,383787.46,2025-12-23,2025-12-25,24,Delayed,45,1.44
PO0376,2026-02-14,Local Vendor,Resistor 10k 0603,4667,236.75,1104912.25,2026-02-23,2026-02-25,11,Delayed,1,0.02
PO0377,2026-01-16,LCSC,Capacitor 10uF,2288,30.98,70882.24,2026-02-15,2026-02-23,38,Delayed,34,1.49
PO0378,2025-11-19,Ktron,Quectel MC60,1624,366.68,595488.32,2025-12-22,2025-12-26,37,Delayed,24,1.48
PO0379,2025-07-30,Local Vendor,Quectel MC60,3604,24.43,88045.72,2025-08-11,2025-08-10,11,On Time,20,0.55
PO0380,2025-07-28,Evelta,Capacitor 10uF,1742,476.9,830759.8,2025-08-13,2025-08-16,19,Delayed,27,1.55
PO0381,2025-11-15,Robu,USB Type-C Connector,3299,325.25,1072999.75,2025-12-16,2025-12-21,36,Delayed,15,0.45
PO0382,2026-01-03,LCSC,Quectel MC60,347,425.07,147499.29,2026-02-02,2026-02-03,31,Delayed,8,2.31
PO0383,2025-07-29,Evelta,ESP32-WROOM-32,1744,423.5,738584.0,2025-08-05,2025-08-06,8,Delayed,49,2.81
PO0384,2025-07-28,Local Vendor,STM8S105K6T6C,2445,271.97,664966.65,2025-08-09,2025-08-15,18,Delayed,58,2.37
PO0385,2026-01-31,Evelta,Capacitor 10uF,150,112.26,16839.0,2026-02-24,2026-02-26,26,Delayed,0,0.0
PO0386,2026-02-10,DigiKey,LM358 Op-Amp,3172,40.71,129132.12,2026-03-03,2026-03-11,29,Delayed,79,2.49
PO0387,2025-10-30,DigiKey,STM8S003F3P6,1380,464.82,641451.6,2025-11-14,2025-11-20,21,Delayed,14,1.01
PO0388,2025-05-04,Robu,STM8S105K6T6C,4163,537.34,2236946.42,2025-05-31,2025-06-02,29,Delayed,49,1.18
PO0389,2025-10-01,Evelta,RJ45 Connector,1873,327.67,613725.91,2025-10-09,2025-10-07,6,On Time,23,1.23
PO0390,2025-07-02,Evelta,Capacitor 10uF,2984,285.81,852857.04,2025-07-05,2025-07-12,10,Delayed,28,0.94
PO0391,2026-03-23,Robu,ESP32-WROOM-32,1732,385.51,667703.32,2026-04-05,2026-04-12,20,Delayed,32,1.85
PO0392,2026-01-26,LCSC,USB Type-C Connector,3955,301.38,1191957.9,2026-01-29,2026-01-28,2,On Time,67,1.69
PO0393,2026-02-04,Element14,Capacitor 10uF,982,58.52,57466.64,2026-02-17,2026-02-21,17,Delayed,29,2.95
PO0394,2026-02-06,Element14,IRF540N MOSFET,3313,493.07,1633540.91,2026-02-19,2026-02-21,15,Delayed,20,0.6
PO0395,2025-07-11,Evelta,LM358 Op-Amp,4751,180.82,859075.82,2025-07-14,2025-07-21,10,Delayed,10,0.21
PO0396,2025-07-21,Evelta,Quectel MC60,1765,442.31,780677.15,2025-08-25,2025-09-01,42,Delayed,15,0.85
PO0397,2025-11-01,Local Vendor,IRF540N MOSFET,3860,358.02,1381957.2,2025-11-13,2025-11-12,11,On Time,23,0.6
PO0398,2025-12-05,Robu,RJ45 Connector,1433,514.89,737837.37,2026-01-06,2026-01-05,31,On Time,3,0.21
PO0399,2025-05-06,Mouser India,Quectel MC60,1904,250.76,477447.04,2025-05-23,2025-05-26,20,Delayed,48,2.52
PO0400,2025-04-13,Mouser India,LM358 Op-Amp,1289,124.67,160699.63,2025-04-20,2025-04-27,14,Delayed,23,1.78
PO0401,2025-10-13,Mouser India,IRF540N MOSFET,3964,362.17,1435641.88,2025-10-16,2025-10-23,10,Delayed,112,2.83
PO0402,2026-01-17,Ktron,Resistor 10k 0603,388,173.46,67302.48,2026-01-22,2026-01-24,7,Delayed,9,2.32
PO0403,2026-01-11,Robu,LM358 Op-Amp,3356,276.99,929578.44,2026-01-19,2026-01-22,11,Delayed,98,2.92
PO0404,2025-09-28,Evelta,STM8S105K6T6C,1635,506.83,828667.05,2025-10-23,2025-10-21,23,On Time,29,1.77
PO0405,2025-12-08,Local Vendor,RJ45 Connector,3386,298.38,1010314.68,2026-01-11,2026-01-11,34,On Time,95,2.81
PO0406,2025-04-25,Mouser India,Capacitor 10uF,547,351.77,192418.19,2025-05-26,2025-05-24,29,On Time,15,2.74
PO0407,2025-05-22,Robu,USB Type-C Connector,2040,56.52,115300.8,2025-06-16,2025-06-20,29,Delayed,1,0.05
PO0408,2025-12-15,Element14,RJ45 Connector,3358,460.51,1546392.58,2026-01-03,2026-01-03,19,On Time,4,0.12
PO0409,2025-04-06,Mouser India,SIM800 GSM Module,3594,161.28,579640.32,2025-05-04,2025-05-06,30,Delayed,12,0.33
PO0410,2025-07-06,Ktron,IRF540N MOSFET,3866,348.83,1348576.78,2025-07-28,2025-08-02,27,Delayed,85,2.2
PO0411,2026-03-09,Element14,ADS1120,1852,383.9,710982.8,2026-03-19,2026-03-21,12,Delayed,54,2.92
PO0412,2025-11-11,Ktron,ESP32-WROOM-32,3745,453.01,1696522.45,2025-11-24,2025-11-28,17,Delayed,18,0.48
PO0413,2025-09-24,LCSC,SIM800 GSM Module,3979,143.47,570867.13,2025-10-23,2025-10-23,29,On Time,20,0.5
PO0414,2025-11-17,Element14,IRF540N MOSFET,2310,42.12,97297.2,2025-12-19,2025-12-18,31,On Time,57,2.47
PO0415,2026-01-06,Element14,Quectel MC60,1288,399.25,514234.0,2026-01-11,2026-01-14,8,Delayed,17,1.32
PO0416,2025-04-03,Robu,STM8S105K6T6C,4750,407.24,1934390.0,2025-05-01,2025-04-30,27,On Time,132,2.78
PO0417,2025-12-22,DigiKey,USB Type-C Connector,2010,401.51,807035.1,2026-01-13,2026-01-15,24,Delayed,37,1.84
PO0418,2026-02-17,Mouser India,Quectel MC60,424,272.54,115556.96,2026-03-05,2026-03-08,19,Delayed,1,0.24
PO0419,2025-11-02,DigiKey,STM8S003F3P6,1825,279.98,510963.5,2025-11-11,2025-11-15,13,Delayed,52,2.85
PO0420,2025-10-29,Element14,STM8S105K6T6C,2517,483.45,1216843.65,2025-11-23,2025-11-26,28,Delayed,26,1.03
PO0421,2025-12-04,Element14,ESP32-WROOM-32,1758,232.35,408471.3,2025-12-16,2025-12-16,12,On Time,44,2.5
PO0422,2025-12-27,DigiKey,SIM800 GSM Module,4952,310.22,1536209.44,2026-01-13,2026-01-19,23,Delayed,75,1.51
PO0423,2026-03-18,Robu,LM358 Op-Amp,868,23.36,20276.48,2026-04-13,2026-04-17,30,Delayed,15,1.73
PO0424,2025-12-07,Element14,SIM800 GSM Module,3957,283.69,1122561.33,2026-01-07,2026-01-14,38,Delayed,104,2.63
PO0425,2025-09-08,Element14,Capacitor 10uF,1758,263.66,463514.28,2025-09-15,2025-09-15,7,On Time,48,2.73
PO0426,2026-03-07,Evelta,ESP32-WROOM-32,4940,518.62,2561982.8,2026-04-06,2026-04-12,36,Delayed,21,0.43
PO0427,2026-01-07,Local Vendor,Capacitor 10uF,3564,309.39,1102665.96,2026-02-06,2026-02-06,30,On Time,35,0.98
PO0428,2025-06-02,Local Vendor,Capacitor 10uF,4966,234.32,1163633.12,2025-06-20,2025-06-21,19,Delayed,11,0.22
PO0429,2026-03-29,LCSC,STM8S105K6T6C,1929,230.07,443805.03,2026-04-18,2026-04-22,24,Delayed,6,0.31
PO0430,2026-01-12,Evelta,RJ45 Connector,2073,96.34,199712.82,2026-02-05,2026-02-07,26,Delayed,0,0.0
PO0431,2025-08-24,Robu,SIM800 GSM Module,4606,404.88,1864877.28,2025-08-27,2025-08-28,4,Delayed,69,1.5
PO0432,2026-03-07,Element14,IRF540N MOSFET,1667,166.63,277772.21,2026-03-19,2026-03-26,19,Delayed,13,0.78
PO0433,2025-07-19,Evelta,IRF540N MOSFET,1892,292.85,554072.2,2025-08-12,2025-08-14,26,Delayed,47,2.48
PO0434,2025-05-06,LCSC,Capacitor 10uF,901,420.98,379302.98,2025-06-09,2025-06-17,42,Delayed,27,3.0
PO0435,2025-04-26,Evelta,ESP32-WROOM-32,1469,523.43,768918.67,2025-05-12,2025-05-18,22,Delayed,43,2.93
PO0436,2025-04-11,Robu,RJ45 Connector,1765,237.41,419028.65,2025-05-06,2025-05-05,24,On Time,28,1.59
PO0437,2026-03-14,Mouser India,Quectel MC60,4214,198.34,835804.76,2026-03-25,2026-03-24,10,On Time,25,0.59
PO0438,2025-11-22,Robu,IRF540N MOSFET,3760,475.31,1787165.6,2025-12-09,2025-12-15,23,Delayed,11,0.29
PO0439,2026-01-13,Mouser India,LM358 Op-Amp,3295,207.44,683514.8,2026-01-29,2026-02-06,24,Delayed,88,2.67
PO0440,2025-09-16,DigiKey,ADS1120,3334,85.53,285157.02,2025-09-20,2025-09-21,5,Delayed,24,0.72
PO0441,2025-05-25,Mouser India,RJ45 Connector,3925,219.64,862087.0,2025-06-20,2025-06-19,25,On Time,71,1.81
PO0442,2025-08-24,LCSC,RJ45 Connector,2744,385.43,1057619.92,2025-09-13,2025-09-19,26,Delayed,80,2.92
PO0443,2025-09-27,Element14,IRF540N MOSFET,3722,45.93,170951.46,2025-10-02,2025-10-09,12,Delayed,96,2.58
PO0444,2025-09-25,Evelta,RJ45 Connector,3532,52.93,186948.76,2025-10-25,2025-10-27,32,Delayed,39,1.1
PO0445,2025-08-05,DigiKey,STM8S003F3P6,4061,231.82,941421.02,2025-08-30,2025-09-01,27,Delayed,29,0.71
PO0446,2026-01-30,LCSC,STM8S105K6T6C,2083,107.93,224818.19,2026-02-11,2026-02-09,10,On Time,27,1.3
PO0447,2025-12-22,DigiKey,Quectel MC60,1178,466.05,549006.9,2025-12-28,2026-01-02,11,Delayed,19,1.61
PO0448,2025-05-13,DigiKey,Resistor 10k 0603,1491,28.11,41912.01,2025-06-15,2025-06-23,41,Delayed,41,2.75
PO0449,2025-06-21,Robu,Resistor 10k 0603,4304,276.54,1190228.16,2025-07-22,2025-07-26,35,Delayed,125,2.9
PO0450,2026-03-27,DigiKey,SIM800 GSM Module,1773,11.61,20584.53,2026-03-30,2026-04-02,6,Delayed,1,0.06
PO0451,2025-09-24,Local Vendor,Resistor 10k 0603,1148,446.42,512490.16,2025-10-26,2025-10-29,35,Delayed,23,2.0
PO0452,2025-09-27,Local Vendor,STM8S003F3P6,2015,436.28,879104.2,2025-10-26,2025-11-01,35,Delayed,4,0.2
PO0453,2026-02-21,Mouser India,LM358 Op-Amp,1179,246.32,290411.28,2026-03-03,2026-03-05,12,Delayed,17,1.44
PO0454,2025-10-11,LCSC,Capacitor 10uF,4180,451.3,1886434.0,2025-11-02,2025-11-02,22,On Time,2,0.05
PO0455,2025-12-15,DigiKey,SIM800 GSM Module,4829,98.16,474014.64,2026-01-06,2026-01-06,22,On Time,135,2.8
PO0456,2025-12-20,DigiKey,LM358 Op-Amp,1822,279.67,509558.74,2025-12-29,2026-01-04,15,Delayed,46,2.52
PO0457,2025-08-07,Element14,SIM800 GSM Module,2154,251.25,541192.5,2025-08-27,2025-08-28,21,Delayed,35,1.62
PO0458,2025-04-28,Ktron,STM8S105K6T6C,438,42.02,18404.76,2025-05-06,2025-05-05,7,On Time,3,0.68
PO0459,2025-11-30,DigiKey,STM8S105K6T6C,4462,189.4,845102.8,2026-01-01,2026-01-08,39,Delayed,50,1.12
PO0460,2026-02-10,DigiKey,Resistor 10k 0603,3252,427.27,1389482.04,2026-02-27,2026-03-01,19,Delayed,14,0.43
PO0461,2025-09-15,DigiKey,LM358 Op-Amp,1612,476.37,767908.44,2025-10-05,2025-10-04,19,On Time,0,0.0
PO0462,2025-08-25,Ktron,STM8S003F3P6,3770,336.43,1268341.1,2025-09-04,2025-09-11,17,Delayed,43,1.14
PO0463,2025-11-06,Local Vendor,RJ45 Connector,4852,425.86,2066272.72,2025-11-15,2025-11-23,17,Delayed,117,2.41
PO0464,2025-06-11,Mouser India,USB Type-C Connector,3041,162.57,494375.37,2025-07-11,2025-07-11,30,On Time,84,2.76
PO0465,2025-07-20,DigiKey,STM8S003F3P6,974,21.21,20658.54,2025-07-23,2025-07-28,8,Delayed,22,2.26
PO0466,2025-04-17,Robu,STM8S003F3P6,3264,25.94,84668.16,2025-05-01,2025-05-08,21,Delayed,77,2.36
PO0467,2025-07-24,LCSC,USB Type-C Connector,1650,542.7,895455.0,2025-08-15,2025-08-20,27,Delayed,5,0.3
PO0468,2025-08-09,DigiKey,Capacitor 10uF,1744,234.11,408287.84,2025-08-20,2025-08-28,19,Delayed,36,2.06
PO0469,2025-04-05,Ktron,Capacitor 10uF,4233,538.17,2278073.61,2025-04-08,2025-04-14,9,Delayed,58,1.37
PO0470,2026-03-06,DigiKey,Capacitor 10uF,2512,376.58,945968.96,2026-03-10,2026-03-17,11,Delayed,6,0.24
PO0471,2025-08-15,Mouser India,RJ45 Connector,3902,59.92,233807.84,2025-09-15,2025-09-17,33,Delayed,0,0.0
PO0472,2026-01-16,LCSC,LM358 Op-Amp,3623,496.03,1797116.69,2026-01-31,2026-02-05,20,Delayed,28,0.77
PO0473,2026-01-25,Evelta,IRF540N MOSFET,1979,157.54,311771.66,2026-02-06,2026-02-14,20,Delayed,48,2.43
PO0474,2025-06-24,Evelta,ADS1120,2751,435.41,1197812.91,2025-07-26,2025-07-25,31,On Time,15,0.55
PO0475,2026-01-20,LCSC,Quectel MC60,2005,118.21,237011.05,2026-02-21,2026-02-24,35,Delayed,5,0.25
PO0476,2025-09-26,DigiKey,STM8S105K6T6C,333,73.61,24512.13,2025-10-07,2025-10-08,12,Delayed,6,1.8
PO0477,2025-06-08,LCSC,Quectel MC60,2496,228.69,570810.24,2025-07-10,2025-07-09,31,On Time,32,1.28
PO0478,2025-12-03,Robu,Capacitor 10uF,4972,81.49,405168.28,2025-12-11,2025-12-14,11,Delayed,90,1.81
PO0479,2025-04-18,Ktron,SIM800 GSM Module,3421,436.83,1494395.43,2025-05-21,2025-05-28,40,Delayed,20,0.58
PO0480,2025-11-23,DigiKey,SIM800 GSM Module,1191,85.44,101759.04,2025-12-20,2025-12-25,32,Delayed,25,2.1
PO0481,2025-11-06,Mouser India,ESP32-WROOM-32,4564,435.8,1988991.2,2025-12-01,2025-11-29,23,On Time,37,0.81
PO0482,2025-09-11,DigiKey,Resistor 10k 0603,2043,165.1,337299.3,2025-10-08,2025-10-16,35,Delayed,59,2.89
PO0483,2025-12-04,DigiKey,IRF540N MOSFET,4771,482.13,2300242.23,2026-01-05,2026-01-12,39,Delayed,142,2.98
PO0484,2025-05-22,Evelta,RJ45 Connector,55,93.33,5133.15,2025-06-26,2025-07-04,43,Delayed,0,0.0
PO0485,2026-02-08,Evelta,Quectel MC60,2035,270.07,549592.45,2026-02-20,2026-02-27,19,Delayed,17,0.84
PO0486,2025-10-22,DigiKey,IRF540N MOSFET,1243,361.3,449095.9,2025-11-15,2025-11-23,32,Delayed,9,0.72
PO0487,2026-02-12,Evelta,Quectel MC60,2977,407.58,1213365.66,2026-02-23,2026-02-25,13,Delayed,38,1.28
PO0488,2026-02-17,LCSC,ESP32-WROOM-32,2757,326.3,899609.1,2026-03-14,2026-03-18,29,Delayed,62,2.25
PO0489,2025-12-01,Robu,RJ45 Connector,2676,429.51,1149368.76,2025-12-26,2025-12-26,25,On Time,42,1.57
PO0490,2025-12-11,Robu,RJ45 Connector,4500,468.29,2107305.0,2025-12-23,2025-12-24,13,Delayed,112,2.49
PO0491,2025-10-03,Mouser India,STM8S105K6T6C,3234,340.7,1101823.8,2025-10-11,2025-10-14,11,Delayed,0,0.0
PO0492,2025-10-16,DigiKey,STM8S003F3P6,937,344.49,322787.13,2025-10-21,2025-10-19,3,On Time,22,2.35
PO0493,2025-06-24,Local Vendor,USB Type-C Connector,2935,278.56,817573.6,2025-07-02,2025-07-10,16,Delayed,79,2.69
PO0494,2026-03-09,Mouser India,SIM800 GSM Module,2568,407.91,1047512.88,2026-03-25,2026-03-29,20,Delayed,66,2.57
PO0495,2025-04-01,DigiKey,ESP32-WROOM-32,2201,524.49,1154402.49,2025-04-25,2025-04-28,27,Delayed,64,2.91
PO0496,2026-02-28,Mouser India,IRF540N MOSFET,2258,311.9,704270.2,2026-03-05,2026-03-05,5,On Time,10,0.44
PO0497,2025-05-02,DigiKey,Capacitor 10uF,384,307.46,118064.64,2025-05-20,2025-05-21,19,Delayed,1,0.26
PO0498,2025-07-13,Ktron,RJ45 Connector,3405,484.11,1648394.55,2025-07-29,2025-07-28,15,On Time,36,1.06
PO0499,2025-07-15,Element14,ESP32-WROOM-32,774,26.34,20387.16,2025-08-09,2025-08-07,23,On Time,22,2.84
PO0500,2025-07-30,Mouser India,ADS1120,2622,305.3,800496.6,2025-08-28,2025-09-01,33,Delayed,70,2.67
